Category,ProductColor,Gender,AgeGroup,Season,Year,predicted_quantity
Feminine,Unknown,F,19-25,Spring,2025,60878.82
Feminine,Unknown,F,36-50,Spring,2025,46546.85
Feminine,Unknown,F,26-35,Spring,2025,44836.41
Masculine,Unknown,F,19-25,Spring,2025,43598.973
Feminine,Unknown,M,19-25,Spring,2025,41415.7
Masculine,Unknown,F,26-35,Spring,2025,36481.234
Masculine,Unknown,F,36-50,Spring,2025,35023.395
Masculine,Unknown,M,19-25,Spring,2025,34949.04
Feminine,Unknown,M,36-50,Spring,2025,29726.08
Feminine,Unknown,M,26-35,Spring,2025,26306.662
Masculine,Unknown,M,36-50,Spring,2025,22185.64
Masculine,Unknown,M,26-35,Spring,2025,21792.908
Feminine,Unknown,F,51-65,Spring,2025,15764.257
Feminine,Unknown,F,0-18,Spring,2025,15719.906
Children,Unknown,F,19-25,Spring,2025,14146.419
Masculine,Unknown,F,0-18,Spring,2025,11975.777
Masculine,Unknown,F,51-65,Spring,2025,11670.294
Children,Unknown,F,36-50,Spring,2025,11634.645
Feminine,Unknown,M,0-18,Spring,2025,11298.927
Children,Unknown,F,26-35,Spring,2025,9883.75
Children,Unknown,M,19-25,Spring,2025,9807.112
Feminine,Unknown,M,51-65,Spring,2025,8954.268
Masculine,Unknown,M,0-18,Spring,2025,8708.022
Masculine,Unknown,M,51-65,Spring,2025,6784.7495
Children,Unknown,M,36-50,Spring,2025,5196.9653
Children,Unknown,M,26-35,Spring,2025,4781.96
Masculine,TURQUOISE,F,19-25,Spring,2025,4197.179
Children,Unknown,F,51-65,Spring,2025,3861.8164
Children,Unknown,F,0-18,Spring,2025,3676.1118
Feminine,WHITE,F,19-25,Spring,2025,2488.573
Feminine,NEUTRAL,F,19-25,Spring,2025,2398.5347
Masculine,SILVER,F,19-25,Spring,2025,2353.889
Feminine,NEUTRAL,F,36-50,Spring,2025,2341.721
Masculine,BLUE,F,19-25,Spring,2025,2321.848
Masculine,MUSTARD,F,19-25,Spring,2025,2308.624
Masculine,TURQUOISE,F,26-35,Spring,2025,2281.8843
Masculine,LILAC,F,19-25,Spring,2025,2278.273
Feminine,BLACK,F,19-25,Spring,2025,2268.1401
Masculine,TURQUOISE,F,36-50,Spring,2025,2259.2463
Masculine,NEUTRAL,F,19-25,Spring,2025,2233.6272
Feminine,NEUTRAL,F,26-35,Spring,2025,2217.4097
Feminine,WHITE,F,26-35,Spring,2025,2202.2021
Feminine,LILAC,F,19-25,Spring,2025,2199.1497
Masculine,RED,F,19-25,Spring,2025,2185.934
Feminine,GREEN,F,19-25,Spring,2025,2147.585
Feminine,WHITE,F,36-50,Spring,2025,2146.2515
Masculine,BLUE,F,36-50,Spring,2025,2127.4207
Masculine,SILVER,F,36-50,Spring,2025,2113.418
Feminine,RED,F,19-25,Spring,2025,2093.5159
Masculine,TURQUOISE,M,19-25,Spring,2025,2090.128
Feminine,YELLOW,F,19-25,Spring,2025,2089.7996
Masculine,SILVER,F,26-35,Spring,2025,2084.9204
Masculine,BLUE,F,26-35,Spring,2025,2069.8699
Masculine,BLACK,F,19-25,Spring,2025,2046.1549
Feminine,NEUTRAL,M,19-25,Spring,2025,2043.8671
Feminine,BLUE,F,19-25,Spring,2025,2034.7672
Masculine,SILVER,M,19-25,Spring,2025,2018.7646
Feminine,BLACK,F,26-35,Spring,2025,2002.9496
Children,Unknown,M,0-18,Spring,2025,2000.5048
Feminine,BLUE,F,36-50,Spring,2025,1981.7183
Masculine,YELLOW,F,19-25,Spring,2025,1961.3704
Feminine,LILAC,F,36-50,Spring,2025,1956.1007
Masculine,LILAC,F,26-35,Spring,2025,1955.7617
Masculine,WHITE,F,19-25,Spring,2025,1936.2927
Feminine,WHITE,M,19-25,Spring,2025,1934.9348
Masculine,GREEN,F,19-25,Spring,2025,1916.8269
Feminine,BLACK,F,36-50,Spring,2025,1915.3813
Feminine,RED,F,36-50,Spring,2025,1913.2471
Masculine,NEUTRAL,F,36-50,Spring,2025,1902.5614
Feminine,SILVER,F,19-25,Spring,2025,1901.3822
Feminine,GREEN,F,36-50,Spring,2025,1900.4523
Feminine,TURQUOISE,F,19-25,Spring,2025,1896.3384
Masculine,MUSTARD,F,26-35,Spring,2025,1873.9448
Feminine,YELLOW,F,36-50,Spring,2025,1857.2872
Masculine,MUSTARD,F,36-50,Spring,2025,1849.3475
Feminine,TURQUOISE,F,36-50,Spring,2025,1825.0693
Masculine,LILAC,F,36-50,Spring,2025,1824.8344
Masculine,NEUTRAL,M,19-25,Spring,2025,1824.0402
Feminine,GREEN,F,26-35,Spring,2025,1793.896
Feminine,LILAC,F,26-35,Spring,2025,1782.6073
Masculine,MUSTARD,M,19-25,Spring,2025,1769.0693
Masculine,NEUTRAL,F,26-35,Spring,2025,1757.094
Feminine,BLUE,F,26-35,Spring,2025,1717.2169
Feminine,YELLOW,F,26-35,Spring,2025,1698.3862
Feminine,RED,F,26-35,Spring,2025,1676.3365
Feminine,SILVER,F,36-50,Spring,2025,1667.5715
Feminine,SILVER,F,26-35,Spring,2025,1665.956
Children,Unknown,M,51-65,Spring,2025,1637.3625
Feminine,BEIGE,F,19-25,Spring,2025,1635.9305
Feminine,GOLD,F,19-25,Spring,2025,1627.7405
Masculine,BLUE,M,19-25,Spring,2025,1626.3235
Masculine,RED,F,36-50,Spring,2025,1592.2946
Masculine,BLACK,F,26-35,Spring,2025,1587.575
Masculine,LILAC,M,19-25,Spring,2025,1568.9119
Masculine,BLACK,F,36-50,Spring,2025,1559.3756
Feminine,BLACK,M,19-25,Spring,2025,1549.1189
Feminine,PINK,F,19-25,Spring,2025,1546.136
Feminine,Unknown,F,65+,Spring,2025,1545.273
Feminine,MUSTARD,F,19-25,Spring,2025,1524.404
Masculine,RED,F,26-35,Spring,2025,1513.177
Masculine,YELLOW,F,36-50,Spring,2025,1495.0061
Masculine,YELLOW,F,26-35,Spring,2025,1490.6956
Feminine,TURQUOISE,F,26-35,Spring,2025,1484.5667
Masculine,WHITE,F,36-50,Spring,2025,1479.9396
Feminine,GREEN,M,19-25,Spring,2025,1464.9875
Feminine,YELLOW,M,19-25,Spring,2025,1451.6785
Feminine,BLUE,M,19-25,Spring,2025,1449.0188
Masculine,BLACK,M,19-25,Spring,2025,1444.7335
Feminine,LILAC,M,19-25,Spring,2025,1435.8474
Masculine,RED,M,19-25,Spring,2025,1430.7075
Masculine,GREEN,F,36-50,Spring,2025,1429.1381
Feminine,RED,M,19-25,Spring,2025,1424.5778
Feminine,SILVER,M,19-25,Spring,2025,1422.5411
Masculine,YELLOW,M,19-25,Spring,2025,1419.1719
Feminine,PINK,F,36-50,Spring,2025,1402.757
Masculine,PINK,F,19-25,Spring,2025,1400.0686
Masculine,WHITE,M,19-25,Spring,2025,1394.2327
Masculine,GREEN,F,26-35,Spring,2025,1390.9756
Masculine,BEIGE,F,19-25,Spring,2025,1386.8097
Feminine,BEIGE,F,36-50,Spring,2025,1385.423
Feminine,MUSTARD,F,36-50,Spring,2025,1380.0309
Masculine,Unknown,F,65+,Spring,2025,1371.8865
Feminine,TURQUOISE,M,19-25,Spring,2025,1367.321
Feminine,BEIGE,F,26-35,Spring,2025,1356.3214
Masculine,GREEN,M,19-25,Spring,2025,1339.3237
Masculine,WHITE,F,26-35,Spring,2025,1310.4869
Feminine,GOLD,F,36-50,Spring,2025,1300.9537
Feminine,MUSTARD,F,26-35,Spring,2025,1284.7145
Masculine,BURGUNDY,F,19-25,Spring,2025,1284.6012
Masculine,TURQUOISE,M,36-50,Spring,2025,1280.3329
Masculine,SILVER,M,36-50,Spring,2025,1246.2556
Feminine,Unknown,M,65+,Spring,2025,1238.4872
Feminine,WHITE,M,36-50,Spring,2025,1232.9043
Masculine,PINK,F,36-50,Spring,2025,1232.2313
Masculine,GOLD,F,19-25,Spring,2025,1220.8372
Masculine,BLUE,M,36-50,Spring,2025,1207.5112
Masculine,PINK,F,26-35,Spring,2025,1207.414
Feminine,NEUTRAL,M,36-50,Spring,2025,1197.743
Feminine,GOLD,F,26-35,Spring,2025,1169.2007
Feminine,PINK,F,26-35,Spring,2025,1166.7201
Feminine,WHITE,M,26-35,Spring,2025,1162.4727
Feminine,NEUTRAL,M,26-35,Spring,2025,1153.3287
Masculine,BEIGE,F,36-50,Spring,2025,1134.5203
Feminine,BEIGE,M,19-25,Spring,2025,1126.3575
Masculine,SILVER,M,26-35,Spring,2025,1089.1547
Children,PINK,F,19-25,Spring,2025,1071.4617
Masculine,BEIGE,F,26-35,Spring,2025,1054.2059
Masculine,BLUE,M,26-35,Spring,2025,1043.1631
Masculine,PINK,M,19-25,Spring,2025,1037.3263
Masculine,BEIGE,M,19-25,Spring,2025,1036.3917
Feminine,BLACK,M,36-50,Spring,2025,1024.9729
Masculine,Unknown,M,65+,Spring,2025,1010.89453
Feminine,GOLD,M,19-25,Spring,2025,987.3698
Children,MUSTARD,F,19-25,Spring,2025,983.8677
Children,LILAC,F,19-25,Spring,2025,960.5911
Feminine,PINK,M,19-25,Spring,2025,954.92456
Masculine,TURQUOISE,M,26-35,Spring,2025,944.10986
Feminine,LILAC,M,36-50,Spring,2025,926.4369
Children,BLACK,F,19-25,Spring,2025,910.9031
Feminine,MUSTARD,M,19-25,Spring,2025,908.2605
Feminine,BLACK,M,26-35,Spring,2025,888.3049
Children,WHITE,F,19-25,Spring,2025,880.95526
Feminine,BLUE,M,36-50,Spring,2025,876.2672
Children,SILVER,F,19-25,Spring,2025,873.8735
Children,PINK,F,36-50,Spring,2025,860.53
Masculine,MUSTARD,M,36-50,Spring,2025,852.2622
Children,MUSTARD,F,36-50,Spring,2025,851.0591
Children,NEUTRAL,F,19-25,Spring,2025,847.4657
Feminine,GREEN,M,36-50,Spring,2025,846.296
Feminine,TURQUOISE,M,36-50,Spring,2025,843.4929
Children,MUSTARD,F,26-35,Spring,2025,841.1051
Masculine,MUSTARD,M,26-35,Spring,2025,837.0305
Masculine,LILAC,M,26-35,Spring,2025,831.0339
Children,YELLOW,F,19-25,Spring,2025,826.87085
Feminine,YELLOW,M,36-50,Spring,2025,820.5908
Children,PINK,F,26-35,Spring,2025,817.3793
Feminine,SILVER,M,36-50,Spring,2025,817.2366
Masculine,BURGUNDY,F,36-50,Spring,2025,816.5826
Masculine,NEUTRAL,M,36-50,Spring,2025,815.77423
Masculine,BLACK,M,36-50,Spring,2025,810.7493
Feminine,BEIGE,M,36-50,Spring,2025,806.72314
Feminine,GREEN,M,26-35,Spring,2025,806.3622
Children,LILAC,F,36-50,Spring,2025,805.26984
Masculine,NEUTRAL,M,26-35,Spring,2025,803.46936
Masculine,BURGUNDY,F,26-35,Spring,2025,802.20996
Feminine,RED,M,36-50,Spring,2025,802.0502
Masculine,LILAC,M,36-50,Spring,2025,801.1066
Masculine,BURGUNDY,M,19-25,Spring,2025,794.8254
Children,BLACK,F,36-50,Spring,2025,792.5595
Feminine,YELLOW,M,26-35,Spring,2025,788.5305
Feminine,SILVER,M,26-35,Spring,2025,781.6826
Children,SILVER,F,36-50,Spring,2025,781.1027
Masculine,RED,M,36-50,Spring,2025,780.9533
Children,LILAC,F,26-35,Spring,2025,776.6585
Children,BLUE,F,19-25,Spring,2025,771.29126
Feminine,LILAC,M,26-35,Spring,2025,770.3453
Masculine,YELLOW,M,36-50,Spring,2025,757.04663
Children,YELLOW,F,36-50,Spring,2025,752.086
Masculine,RED,M,26-35,Spring,2025,751.99146
Feminine,RED,M,26-35,Spring,2025,751.8838
Children,WHITE,F,36-50,Spring,2025,749.71906
Children,TURQUOISE,F,19-25,Spring,2025,746.76355
Feminine,BURGUNDY,F,19-25,Spring,2025,746.13586
Children,PINK,M,19-25,Spring,2025,739.695
Feminine,BURGUNDY,F,36-50,Spring,2025,739.26874
Masculine,GOLD,F,26-35,Spring,2025,737.7318
Children,BEIGE,F,19-25,Spring,2025,736.9376
Children,LILAC,M,19-25,Spring,2025,730.0741
Children,MUSTARD,M,19-25,Spring,2025,716.049
Masculine,GREEN,M,36-50,Spring,2025,715.6087
Children,BLUE,F,36-50,Spring,2025,709.52594
Masculine,GOLD,F,36-50,Spring,2025,707.37054
Children,SILVER,F,26-35,Spring,2025,706.84076
Feminine,BLUE,M,26-35,Spring,2025,705.2042
Children,WHITE,F,26-35,Spring,2025,695.478
Children,NEUTRAL,F,36-50,Spring,2025,693.1349
Masculine,GOLD,M,19-25,Spring,2025,682.25073
Children,BLUE,F,26-35,Spring,2025,672.8279
Children,YELLOW,F,26-35,Spring,2025,670.4723
Children,SILVER,M,19-25,Spring,2025,668.72943
Children,BLACK,F,26-35,Spring,2025,667.09546
Children,GREEN,F,19-25,Spring,2025,662.3844
Children,NEUTRAL,F,26-35,Spring,2025,659.89655
Children,BEIGE,F,26-35,Spring,2025,657.326
Masculine,WHITE,M,36-50,Spring,2025,655.63696
Masculine,BLUE,F,0-18,Spring,2025,653.7228
Feminine,BURGUNDY,F,26-35,Spring,2025,653.1487
Children,RED,F,19-25,Spring,2025,650.925
Masculine,TURQUOISE,F,0-18,Spring,2025,644.7558
Feminine,WHITE,F,51-65,Spring,2025,643.6006
Children,BEIGE,F,36-50,Spring,2025,643.4856
Children,BLACK,M,19-25,Spring,2025,643.03284
Feminine,GOLD,M,36-50,Spring,2025,632.72217
Feminine,TURQUOISE,M,26-35,Spring,2025,632.0654
Children,BLUE,M,19-25,Spring,2025,631.31244
Feminine,NEUTRAL,F,51-65,Spring,2025,630.29956
Masculine,TURQUOISE,F,51-65,Spring,2025,626.6046
Feminine,NEUTRAL,F,0-18,Spring,2025,626.4983
Children,WHITE,M,19-25,Spring,2025,624.85004
Children,YELLOW,M,19-25,Spring,2025,622.7185
Feminine,BLACK,F,51-65,Spring,2025,619.6995
Feminine,WHITE,F,0-18,Spring,2025,615.7432
Children,GREEN,F,36-50,Spring,2025,614.9015
Masculine,BLACK,M,26-35,Spring,2025,614.7073
Children,BEIGE,M,19-25,Spring,2025,605.21484
Masculine,WHITE,M,26-35,Spring,2025,598.0712
Masculine,GREEN,M,26-35,Spring,2025,592.6834
Children,RED,F,26-35,Spring,2025,591.9064
Children,RED,F,36-50,Spring,2025,579.30383
Masculine,SILVER,F,51-65,Spring,2025,578.9827
Masculine,SILVER,F,0-18,Spring,2025,576.7611
Masculine,YELLOW,M,26-35,Spring,2025,574.27814
Masculine,BLUE,F,51-65,Spring,2025,574.03894
Masculine,LILAC,F,0-18,Spring,2025,567.05225
Feminine,GOLD,M,26-35,Spring,2025,566.1889
Children,TURQUOISE,F,36-50,Spring,2025,557.147
Feminine,BEIGE,M,26-35,Spring,2025,536.8757
Masculine,NEUTRAL,F,0-18,Spring,2025,535.5889
Children,NEUTRAL,M,19-25,Spring,2025,534.92474
Feminine,MUSTARD,M,36-50,Spring,2025,533.66003
Masculine,PINK,M,36-50,Spring,2025,530.408
Children,PINK,M,36-50,Spring,2025,529.23065
Masculine,SILVER,M,0-18,Spring,2025,528.1475
Masculine,MUSTARD,F,0-18,Spring,2025,527.69324
Feminine,BURGUNDY,M,19-25,Spring,2025,524.8236
Children,GREEN,F,26-35,Spring,2025,522.4594
Feminine,PINK,M,36-50,Spring,2025,518.8058
Feminine,MUSTARD,M,26-35,Spring,2025,518.4902
Children,GOLD,F,19-25,Spring,2025,517.3141
Feminine,RED,F,51-65,Spring,2025,507.74258
Feminine,PINK,M,26-35,Spring,2025,501.40894
Masculine,TURQUOISE,M,0-18,Spring,2025,497.54663
Children,TURQUOISE,F,26-35,Spring,2025,492.79907
Masculine,NEUTRAL,F,51-65,Spring,2025,487.68887
Feminine,GREEN,F,51-65,Spring,2025,486.1996
Feminine,LILAC,F,51-65,Spring,2025,483.37778
Children,LILAC,M,36-50,Spring,2025,480.6731
Feminine,BLACK,F,0-18,Spring,2025,479.85776
Feminine,TURQUOISE,F,51-65,Spring,2025,475.39816
Feminine,SILVER,F,51-65,Spring,2025,475.1088
Feminine,BLUE,F,51-65,Spring,2025,472.98306
Masculine,BLUE,M,0-18,Spring,2025,472.6211
Feminine,GREEN,F,0-18,Spring,2025,472.4844
Children,TURQUOISE,M,19-25,Spring,2025,471.50677
Feminine,LILAC,F,0-18,Spring,2025,470.8712
Children,RED,M,19-25,Spring,2025,462.05426
Feminine,YELLOW,F,51-65,Spring,2025,461.7578
Masculine,GOLD,M,36-50,Spring,2025,458.7436
Children,GREEN,M,19-25,Spring,2025,458.58063
Masculine,BLACK,F,0-18,Spring,2025,457.99567
Masculine,BEIGE,M,36-50,Spring,2025,454.0173
Masculine,RED,F,0-18,Spring,2025,451.0984
Masculine,BURGUNDY,M,36-50,Spring,2025,450.01273
Children,MUSTARD,M,36-50,Spring,2025,448.47537
Feminine,YELLOW,F,0-18,Spring,2025,445.22452
Feminine,SILVER,F,0-18,Spring,2025,442.5743
Feminine,RED,F,0-18,Spring,2025,440.95844
Masculine,PINK,M,26-35,Spring,2025,440.8062
Masculine,LILAC,F,51-65,Spring,2025,433.56714
Masculine,RED,F,51-65,Spring,2025,426.4049
Masculine,WHITE,F,0-18,Spring,2025,418.76355
Masculine,BEIGE,M,26-35,Spring,2025,418.59436
Masculine,GREEN,F,0-18,Spring,2025,418.55917
Masculine,YELLOW,F,0-18,Spring,2025,415.02402
Feminine,BLUE,F,0-18,Spring,2025,413.6343
Children,GOLD,F,36-50,Spring,2025,411.3133
Children,SILVER,M,36-50,Spring,2025,405.4971
Masculine,MUSTARD,F,51-65,Spring,2025,401.09045
Feminine,WHITE,M,0-18,Spring,2025,390.10913
Feminine,NEUTRAL,M,0-18,Spring,2025,388.74728
Masculine,GREEN,F,51-65,Spring,2025,383.11325
Masculine,BLUE,M,51-65,Spring,2025,382.2903
Children,WHITE,M,36-50,Spring,2025,379.0919
Masculine,YELLOW,F,51-65,Spring,2025,377.84155
Children,BLACK,M,36-50,Spring,2025,376.85654
Children,GOLD,F,26-35,Spring,2025,370.82132
Children,MUSTARD,M,26-35,Spring,2025,366.56952
Masculine,BLACK,F,51-65,Spring,2025,365.1428
Masculine,MUSTARD,M,0-18,Spring,2025,364.78668
Feminine,MUSTARD,F,51-65,Spring,2025,355.69635
Children,YELLOW,M,36-50,Spring,2025,355.60605
Children,LILAC,M,26-35,Spring,2025,355.5532
Feminine,BURGUNDY,M,26-35,Spring,2025,354.6555
Feminine,PINK,F,51-65,Spring,2025,352.71268
Feminine,BEIGE,F,51-65,Spring,2025,351.85944
Children,PINK,M,26-35,Spring,2025,351.26523
Feminine,BEIGE,F,0-18,Spring,2025,346.78412
Feminine,MUSTARD,F,0-18,Spring,2025,346.71582
Children,BURGUNDY,F,19-25,Spring,2025,346.47083
Masculine,TURQUOISE,M,51-65,Spring,2025,346.16498
Masculine,NEUTRAL,M,0-18,Spring,2025,344.8948
Masculine,LILAC,M,0-18,Spring,2025,344.07312
Children,SILVER,M,26-35,Spring,2025,343.3199
Masculine,BURGUNDY,M,26-35,Spring,2025,341.04706
Masculine,PINK,F,0-18,Spring,2025,339.37216
Feminine,TURQUOISE,F,0-18,Spring,2025,338.24612
Feminine,GOLD,F,51-65,Spring,2025,336.92368
Children,NEUTRAL,M,36-50,Spring,2025,334.0566
Masculine,GOLD,M,26-35,Spring,2025,333.36356
Children,WHITE,M,26-35,Spring,2025,332.86172
Masculine,LILAC,M,51-65,Spring,2025,329.83414
Feminine,BLACK,M,0-18,Spring,2025,327.57553
Children,BLUE,M,36-50,Spring,2025,327.55865
Children,NEUTRAL,M,26-35,Spring,2025,320.1718
Feminine,LILAC,M,0-18,Spring,2025,319.40546
Masculine,SILVER,M,51-65,Spring,2025,319.20245
Feminine,BURGUNDY,M,36-50,Spring,2025,317.62036
Feminine,NEUTRAL,M,51-65,Spring,2025,316.8142
Feminine,GREEN,M,0-18,Spring,2025,312.6259
Feminine,GOLD,F,0-18,Spring,2025,311.40698
Children,BEIGE,M,26-35,Spring,2025,311.26428
Masculine,WHITE,F,51-65,Spring,2025,310.35583
Feminine,WHITE,M,51-65,Spring,2025,307.11203
Feminine,BLUE,M,0-18,Spring,2025,306.68988
Masculine,RED,M,0-18,Spring,2025,298.6256
Feminine,TURQUOISE,M,0-18,Spring,2025,296.87772
Children,BEIGE,M,36-50,Spring,2025,294.5409
Feminine,LILAC,M,51-65,Spring,2025,293.8362
Feminine,RED,M,0-18,Spring,2025,293.40976
Children,BLUE,M,26-35,Spring,2025,291.4169
Children,YELLOW,M,26-35,Spring,2025,289.0134
Masculine,BLACK,M,0-18,Spring,2025,287.97827
Masculine,BEIGE,F,0-18,Spring,2025,283.80008
Masculine,PINK,M,0-18,Spring,2025,283.29657
Children,GOLD,M,19-25,Spring,2025,282.5322
Masculine,WHITE,M,0-18,Spring,2025,278.70438
Feminine,BLACK,M,51-65,Spring,2025,278.4789
Feminine,YELLOW,M,0-18,Spring,2025,277.51636
Children,BLACK,M,26-35,Spring,2025,273.79752
Masculine,YELLOW,M,0-18,Spring,2025,269.53674
Feminine,PINK,F,0-18,Spring,2025,268.204
Masculine,BURGUNDY,F,0-18,Spring,2025,268.20013
Masculine,MUSTARD,M,51-65,Spring,2025,266.16776
Feminine,BEIGE,M,0-18,Spring,2025,262.43774
Masculine,NEUTRAL,M,51-65,Spring,2025,261.78195
Masculine,GREEN,M,0-18,Spring,2025,259.06638
Feminine,SILVER,M,0-18,Spring,2025,255.37613
Feminine,RED,M,51-65,Spring,2025,253.2098
Children,BURGUNDY,F,36-50,Spring,2025,249.37222
Children,MUSTARD,F,51-65,Spring,2025,249.06998
Masculine,BEIGE,F,51-65,Spring,2025,248.71321
Feminine,GREEN,M,51-65,Spring,2025,246.68382
Masculine,WHITE,M,51-65,Spring,2025,245.44188
Masculine,PINK,F,51-65,Spring,2025,243.50688
Children,MUSTARD,F,0-18,Spring,2025,243.44519
Masculine,RED,M,51-65,Spring,2025,239.42168
Children,GREEN,M,36-50,Spring,2025,239.38753
Feminine,BLUE,M,51-65,Spring,2025,238.7577
Feminine,PINK,M,0-18,Spring,2025,238.26746
Children,Unknown,F,65+,Spring,2025,236.28674
Children,TURQUOISE,M,36-50,Spring,2025,236.1376
Children,BURGUNDY,F,26-35,Spring,2025,235.59465
Feminine,TURQUOISE,M,51-65,Spring,2025,235.47214
Masculine,BLACK,M,51-65,Spring,2025,232.55301
Children,LILAC,F,0-18,Spring,2025,231.43355
Children,RED,M,26-35,Spring,2025,231.42053
Masculine,GOLD,F,0-18,Spring,2025,229.70538
Children,NEUTRAL,F,0-18,Spring,2025,227.61722
Children,PINK,F,51-65,Spring,2025,227.41046
Children,PINK,F,0-18,Spring,2025,224.80405
Feminine,YELLOW,M,51-65,Spring,2025,224.34355
Children,BURGUNDY,M,19-25,Spring,2025,222.74994
Feminine,GOLD,M,0-18,Spring,2025,218.25314
Children,TURQUOISE,M,26-35,Spring,2025,217.02226
Children,GREEN,M,26-35,Spring,2025,215.27898
Masculine,BURGUNDY,F,51-65,Spring,2025,214.58868
Children,BLACK,F,0-18,Spring,2025,212.87766
Children,WHITE,F,0-18,Spring,2025,212.55595
Feminine,GOLD,M,51-65,Spring,2025,211.35487
Masculine,GOLD,F,51-65,Spring,2025,211.34949
Children,BLACK,F,51-65,Spring,2025,211.23442
Children,WHITE,F,51-65,Spring,2025,209.7656
Masculine,BEIGE,M,0-18,Spring,2025,208.20618
Masculine,YELLOW,M,51-65,Spring,2025,207.52197
Children,LILAC,F,51-65,Spring,2025,206.57074
Children,RED,M,36-50,Spring,2025,205.02388
Children,SILVER,F,51-65,Spring,2025,204.80907
Masculine,GREEN,M,51-65,Spring,2025,202.78189
Children,YELLOW,F,51-65,Spring,2025,202.05473
Feminine,PINK,M,51-65,Spring,2025,200.79485
Feminine,SILVER,M,51-65,Spring,2025,200.25768
Feminine,BURGUNDY,F,51-65,Spring,2025,200.15277
Feminine,BURGUNDY,F,0-18,Spring,2025,197.5914
Children,YELLOW,F,0-18,Spring,2025,196.00777
Children,BEIGE,F,0-18,Spring,2025,194.96713
Children,LILAC,M,0-18,Spring,2025,189.87111
Children,BLUE,F,0-18,Spring,2025,189.1689
Feminine,BEIGE,M,51-65,Spring,2025,187.41898
Masculine,PINK,M,51-65,Spring,2025,185.07187
Masculine,BURGUNDY,M,0-18,Spring,2025,184.19879
Children,PINK,M,0-18,Spring,2025,181.47649
Feminine,MUSTARD,M,0-18,Spring,2025,176.65083
Masculine,BEIGE,M,51-65,Spring,2025,176.27254
Children,MUSTARD,M,0-18,Spring,2025,176.26338
Children,NEUTRAL,F,51-65,Spring,2025,175.83966
Children,Unknown,M,65+,Spring,2025,174.05528
Children,BEIGE,F,51-65,Spring,2025,163.12852
Children,SILVER,F,0-18,Spring,2025,160.49348
Children,NEUTRAL,M,0-18,Spring,2025,156.68335
Children,GOLD,M,36-50,Spring,2025,154.40291
Children,BLACK,M,0-18,Spring,2025,153.19922
Children,WHITE,M,0-18,Spring,2025,151.14561
Feminine,MUSTARD,M,51-65,Spring,2025,146.50246
Children,GREEN,F,51-65,Spring,2025,144.71048
Children,WHITE,M,51-65,Spring,2025,144.44058
Masculine,BURGUNDY,M,51-65,Spring,2025,143.78592
Children,BLUE,F,51-65,Spring,2025,143.2122
Children,GOLD,F,0-18,Spring,2025,142.99258
Masculine,GOLD,M,0-18,Spring,2025,142.66534
Children,RED,F,51-65,Spring,2025,142.25946
Children,GOLD,M,26-35,Spring,2025,141.65388
Children,SILVER,M,0-18,Spring,2025,140.54593
Children,PINK,M,51-65,Spring,2025,139.74998
Children,TURQUOISE,F,0-18,Spring,2025,138.92657
Children,RED,F,0-18,Spring,2025,137.80196
Children,LILAC,M,51-65,Spring,2025,136.96774
Children,TURQUOISE,F,51-65,Spring,2025,134.35175
Children,GREEN,F,0-18,Spring,2025,133.14775
Children,NEUTRAL,M,51-65,Spring,2025,132.29482
Children,BLUE,M,0-18,Spring,2025,128.99136
Children,BLACK,M,51-65,Spring,2025,127.260124
Feminine,BURGUNDY,M,0-18,Spring,2025,125.12603
Children,MUSTARD,M,51-65,Spring,2025,120.71309
Feminine,BURGUNDY,M,51-65,Spring,2025,118.862564
Children,GOLD,F,51-65,Spring,2025,118.12091
Children,BURGUNDY,M,26-35,Spring,2025,118.0371
Children,YELLOW,M,0-18,Spring,2025,117.590225
Children,BEIGE,M,0-18,Spring,2025,115.24773
Masculine,GOLD,M,51-65,Spring,2025,114.96638
Children,TURQUOISE,M,0-18,Spring,2025,110.046776
Children,YELLOW,M,51-65,Spring,2025,109.15151
Children,SILVER,M,51-65,Spring,2025,106.818726
Children,BURGUNDY,M,36-50,Spring,2025,106.35831
Children,BLUE,M,51-65,Spring,2025,104.706184
Children,BURGUNDY,F,51-65,Spring,2025,97.92142
Children,RED,M,51-65,Spring,2025,96.92893
Children,RED,M,0-18,Spring,2025,91.74335
Feminine,Unknown,D,19-25,Spring,2025,88.31729
Children,BEIGE,M,51-65,Spring,2025,79.861664
Children,GREEN,M,0-18,Spring,2025,78.305595
Children,GOLD,M,0-18,Spring,2025,70.71667
Children,GREEN,M,51-65,Spring,2025,69.678314
Children,TURQUOISE,M,51-65,Spring,2025,67.97606
Feminine,Unknown,D,36-50,Spring,2025,64.43633
Masculine,Unknown,D,19-25,Spring,2025,62.334827
Masculine,Unknown,D,36-50,Spring,2025,59.953506
Feminine,WHITE,F,65+,Spring,2025,59.34427
Feminine,NEUTRAL,F,65+,Spring,2025,58.14695
Masculine,RED,F,65+,Spring,2025,56.378067
Children,BURGUNDY,F,0-18,Spring,2025,56.279976
Masculine,TURQUOISE,F,65+,Spring,2025,56.180775
Masculine,SILVER,F,65+,Spring,2025,54.273426
Feminine,Unknown,D,26-35,Spring,2025,54.096855
Masculine,BLUE,F,65+,Spring,2025,53.36729
Masculine,TURQUOISE,M,65+,Spring,2025,51.712406
Masculine,LILAC,F,65+,Spring,2025,51.66401
Masculine,MUSTARD,F,65+,Spring,2025,48.210583
Children,GOLD,M,51-65,Spring,2025,47.671074
Children,BURGUNDY,M,0-18,Spring,2025,47.626816
Feminine,NEUTRAL,M,65+,Spring,2025,47.215034
Feminine,YELLOW,F,65+,Spring,2025,46.852657
Masculine,BLUE,M,65+,Spring,2025,44.86351
Masculine,SILVER,M,65+,Spring,2025,44.40841
Masculine,BLACK,F,65+,Spring,2025,44.142803
Feminine,BLACK,F,65+,Spring,2025,43.80009
Masculine,NEUTRAL,F,65+,Spring,2025,42.57853
Masculine,Unknown,D,26-35,Spring,2025,42.386086
Feminine,WHITE,M,65+,Spring,2025,41.07461
Feminine,LILAC,F,65+,Spring,2025,40.960285
Masculine,RED,M,65+,Spring,2025,40.560883
Feminine,YELLOW,M,65+,Spring,2025,39.19385
Feminine,BLUE,F,65+,Spring,2025,38.229973
Feminine,PINK,F,65+,Spring,2025,37.15636
Children,BURGUNDY,M,51-65,Spring,2025,37.138058
Feminine,SILVER,F,65+,Spring,2025,36.892006
Feminine,TURQUOISE,F,65+,Spring,2025,36.04639
Feminine,RED,F,65+,Spring,2025,35.778522
Masculine,LILAC,M,65+,Spring,2025,35.680965
Feminine,GREEN,F,65+,Spring,2025,35.418095
Feminine,BLUE,M,65+,Spring,2025,35.387432
Feminine,BEIGE,F,65+,Spring,2025,34.569473
Masculine,GREEN,F,65+,Spring,2025,34.054066
Feminine,BLACK,M,65+,Spring,2025,33.324577
Feminine,LILAC,M,65+,Spring,2025,32.932785
Masculine,NEUTRAL,M,65+,Spring,2025,31.657948
Masculine,BLACK,M,65+,Spring,2025,30.850908
Masculine,MUSTARD,M,65+,Spring,2025,30.552563
Masculine,BEIGE,F,65+,Spring,2025,29.960812
Masculine,YELLOW,F,65+,Spring,2025,29.920517
Feminine,GREEN,M,65+,Spring,2025,29.574438
Feminine,SILVER,M,65+,Spring,2025,29.327482
Feminine,MUSTARD,F,65+,Spring,2025,28.943521
Masculine,PINK,F,65+,Spring,2025,28.855995
Feminine,TURQUOISE,M,65+,Spring,2025,28.222986
Masculine,WHITE,M,65+,Spring,2025,28.027845
Masculine,WHITE,F,65+,Spring,2025,27.867401
Children,LILAC,F,65+,Spring,2025,27.143457
Feminine,RED,M,65+,Spring,2025,26.41861
Children,WHITE,F,65+,Spring,2025,26.26649
Masculine,GREEN,M,65+,Spring,2025,25.68314
Children,NEUTRAL,F,65+,Spring,2025,25.622507
Feminine,Unknown,D,51-65,Spring,2025,25.397789
Children,PINK,F,65+,Spring,2025,25.286718
Children,BLACK,F,65+,Spring,2025,25.20171
Children,LILAC,M,65+,Spring,2025,24.34603
Feminine,GOLD,F,65+,Spring,2025,23.899866
Masculine,GOLD,F,65+,Spring,2025,22.301916
Children,Unknown,D,19-25,Spring,2025,21.727114
Children,MUSTARD,F,65+,Spring,2025,21.644615
Children,NEUTRAL,M,65+,Spring,2025,21.125105
Masculine,BEIGE,M,65+,Spring,2025,20.674929
Children,YELLOW,F,65+,Spring,2025,20.660313
Children,SILVER,F,65+,Spring,2025,20.115248
Masculine,PINK,M,65+,Spring,2025,19.831165
Masculine,BURGUNDY,M,65+,Spring,2025,19.648054
Masculine,YELLOW,M,65+,Spring,2025,19.430899
Children,WHITE,M,65+,Spring,2025,19.03088
Feminine,BEIGE,M,65+,Spring,2025,18.602087
Feminine,PINK,M,65+,Spring,2025,18.359835
Masculine,BURGUNDY,F,65+,Spring,2025,17.50249
Feminine,MUSTARD,M,65+,Spring,2025,16.82951
Feminine,GOLD,M,65+,Spring,2025,16.62003
Children,BLACK,M,65+,Spring,2025,16.168093
Feminine,BURGUNDY,F,65+,Spring,2025,15.9294
Masculine,GOLD,M,65+,Spring,2025,15.831956
Masculine,Unknown,D,0-18,Spring,2025,15.647559
Masculine,Unknown,D,51-65,Spring,2025,14.75804
Children,BLUE,F,65+,Spring,2025,14.676214
Children,MUSTARD,M,65+,Spring,2025,14.668128
Children,RED,F,65+,Spring,2025,14.408477
Children,BEIGE,F,65+,Spring,2025,14.177465
Children,SILVER,M,65+,Spring,2025,14.073173
Children,RED,M,65+,Spring,2025,14.047606
Feminine,Unknown,D,0-18,Spring,2025,13.564969
Children,PINK,M,65+,Spring,2025,12.790414
Children,TURQUOISE,M,65+,Spring,2025,12.769869
Children,GREEN,M,65+,Spring,2025,12.718324
Children,BURGUNDY,M,65+,Spring,2025,10.293451
Children,Unknown,D,36-50,Spring,2025,10.136225
Children,GREEN,F,65+,Spring,2025,9.679864
Children,BLUE,M,65+,Spring,2025,9.422911
Feminine,BLACK,D,36-50,Spring,2024,8.952318
Children,TURQUOISE,F,65+,Spring,2025,8.726105
Feminine,BLUE,D,19-25,Spring,2024,7.039433
Children,YELLOW,M,65+,Spring,2025,6.8435507
Children,BEIGE,M,65+,Spring,2025,6.1499987
Children,Unknown,D,51-65,Spring,2025,5.225365
Children,BURGUNDY,F,65+,Spring,2025,4.899315
Feminine,TURQUOISE,D,19-25,Spring,2025,4.750507
Masculine,SILVER,D,19-25,Spring,2025,4.515779
Masculine,MUSTARD,D,19-25,Spring,2025,4.373536
Children,GOLD,F,65+,Spring,2025,4.266577
Children,Unknown,D,26-35,Spring,2025,4.1077003
Masculine,BLUE,D,26-35,Winter,2024,4.0951753
Children,GOLD,M,65+,Spring,2025,4.0001755
Masculine,YELLOW,D,19-25,Summer,2024,3.944789
Masculine,TURQUOISE,D,26-35,Spring,2025,3.9192955
Masculine,PINK,D,19-25,Spring,2025,3.7353258
Feminine,RED,D,19-25,Winter,2024,3.6524913
Masculine,BLACK,D,19-25,Summer,2024,3.593343
Masculine,TURQUOISE,D,0-18,Spring,2025,3.4157991
Feminine,TURQUOISE,D,26-35,Fall,2024,3.385206
Masculine,BLUE,D,19-25,Fall,2024,3.373113
Feminine,RED,D,26-35,Spring,2025,3.3221664
Masculine,NEUTRAL,D,19-25,Spring,2025,3.1539936
Feminine,PINK,D,19-25,Fall,2024,3.0561097
Feminine,GOLD,D,19-25,Winter,2024,2.9901536
Masculine,BLACK,D,36-50,Fall,2024,2.825806
Masculine,MUSTARD,D,51-65,Fall,2024,2.6819584
Feminine,WHITE,D,19-25,Spring,2025,2.351508
Masculine,WHITE,D,19-25,Spring,2025,2.2337208
Feminine,LILAC,D,26-35,Spring,2024,1.9723378
Masculine,TURQUOISE,D,19-25,Spring,2025,1.9311149
Masculine,WHITE,D,36-50,Spring,2025,1.9099942
Feminine,NEUTRAL,D,19-25,Spring,2024,1.9036105
Feminine,YELLOW,D,26-35,Winter,2024,1.8652607
Feminine,YELLOW,D,36-50,Spring,2025,1.7568932
Feminine,BEIGE,D,36-50,Spring,2025,1.7336646
Masculine,BURGUNDY,D,36-50,Spring,2025,1.6571957
Masculine,WHITE,D,26-35,Spring,2025,1.5262825
Masculine,BEIGE,D,19-25,Fall,2024,1.5093879
Feminine,BEIGE,D,19-25,Spring,2025,1.4828551
Children,BLACK,D,26-35,Summer,2024,1.4665169
Feminine,MUSTARD,D,19-25,Winter,2024,1.4395094
Masculine,LILAC,D,36-50,Spring,2025,1.3583746
Feminine,RED,D,36-50,Spring,2025,1.1123995
Masculine,NEUTRAL,D,26-35,Spring,2025,1.0586848
Feminine,LILAC,D,19-25,Spring,2025,1.0236793
Masculine,MUSTARD,D,26-35,Spring,2024,0.54405034
